-0.518692,-0.174441,1
0.064638,-0.611892,1
-0.000787,0.223509,0
-0.178096,0.058453,0
-0.151710,0.331927,0
-0.788459,0.033422,0
0.807311,-0.304205,2
-0.890589,0.168096,0
0.907945,0.353205,2
0.847479,-0.423689,2
-0.699212,-0.318407,1
-0.296845,-0.109640,1
-0.626666,-0.202965,1
-0.187783,-0.350199,1
0.116876,0.114331,0
-0.757177,-0.367638,1
0.888306,-0.248907,2
-0.087407,-0.264531,1
-0.124436,0.579545,0
-0.548792,0.495978,0
0.045240,-0.338818,1
-0.728290,-0.047003,0
0.078570,0.222128,0
0.873953,0.277649,2
0.950245,-0.427445,2
0.857215,-0.250433,2
-0.316566,-0.557492,1
-0.306361,0.639337,0
-0.255922,-0.572623,1
-0.493103,-0.090250,1
0.104855,0.170577,0
0.135849,0.050306,0
-0.124529,-0.257943,1
-0.086141,-0.787327,1
-0.213989,0.081014,0
0.141774,0.278355,0
-0.581791,0.336732,0
-0.599014,0.228803,0
-0.889268,-0.006966,0
0.037990,0.386530,0
-0.275483,0.440202,0
0.059700,0.463158,0
0.973199,-0.367535,2
-0.845167,-0.459100,1
0.349080,-0.136532,2
0.356393,-0.337445,2
-0.599235,-0.466316,1
0.856317,0.429888,2
-0.267781,0.098698,0
-0.345502,0.783097,0
-0.242100,-0.487651,1
-0.394435,-0.348395,1
0.948458,0.304786,2
0.881438,-0.257528,2
-0.611886,-0.539439,1
-0.630156,0.164602,0
0.127581,0.058471,0
0.918286,0.281103,2
-0.248823,0.208039,0
-0.096268,-0.301531,1
0.795670,0.337745,2
-0.275926,-0.544810,1
-0.048046,-0.114882,1
-0.455446,-0.395012,1
0.791814,-0.308182,2
-0.551996,0.056624,0
0.935892,0.303799,2
0.836267,-0.445298,2
-0.055556,0.871373,0
-0.773788,0.685672,0
-0.109546,0.774464,0
-0.351627,-0.746751,1
0.785565,-0.347154,2
0.856165,0.372263,2
-0.586138,-0.533305,1
-0.038837,-0.855202,1
-0.452984,-0.415448,1
0.040356,-0.860310,1
-0.570060,0.704910,0
0.790199,0.362595,2
-0.314460,-0.675853,1
0.076836,0.346045,0
-0.912652,-0.456463,1
-0.791855,-0.609238,1
-0.086655,-0.488804,1
0.864098,-0.442137,2
-0.387215,-0.139617,1
-0.025685,-0.093830,1
-0.131849,-0.733041,1
0.872991,-0.272133,2
-0.445415,0.602109,0
-0.205372,0.030682,0
-0.340031,0.557118,0
-0.054624,-0.705428,1
-0.845404,-0.038849,0
-0.427009,0.179957,0
-0.255811,0.793390,0
0.837354,0.270200,2
0.835361,0.285799,2
-0.852042,-0.100553,0
0.860598,-0.352956,2
-0.217653,0.293269,0
-0.290207,-0.496775,1
0.918821,-0.317409,2
-0.400768,0.341428,0
-0.134886,-0.241867,1
-0.534900,-0.803452,1
-0.426789,-0.816636,1
0.810173,0.274878,2
-0.040214,0.500947,0
-0.199960,-0.018174,0
-0.758361,0.737664,0
0.026721,0.632741,0
-0.125627,-0.957552,1
-0.694092,0.781481,0
0.935495,0.271060,2
-0.394414,0.146508,0
0.252343,0.508732,0
-0.925687,-0.002603,0
-0.033396,0.466955,0
-0.342024,-0.658846,1
-0.807986,0.363581,0
-0.466953,-0.553786,1
0.023035,-0.128942,1
-0.302267,0.212191,0
0.884851,0.247607,2
-0.678970,0.769653,0
-0.097158,-0.492364,1
-0.556286,-0.818051,1
-0.345927,-0.313398,1
-0.996707,0.084589,0
-0.223529,-0.083825,1
0.845220,0.422313,2
0.772085,0.363664,2
-0.748237,-0.032295,0
-0.450269,-0.348501,1
-0.495380,-0.692160,1
0.931998,0.366112,2
0.887120,-0.313284,2
-0.591157,-0.212734,1
0.989499,-0.388472,2
0.764130,-0.352440,2
0.177035,0.120541,0
-0.042412,0.544071,0
0.094287,0.454661,0
-0.559332,0.697245,0
-0.796746,0.638750,0
-0.625050,0.709737,0
-0.043030,-0.034298,0
-0.628939,0.032857,0
0.229948,-0.559591,1
-0.610469,-0.542171,1
0.865435,0.289492,2
0.198641,-0.482867,1
0.170254,-0.583598,1
0.767940,-0.365300,2
-0.648140,-0.744240,1
-0.012619,0.051611,0
-0.183314,-0.517799,1
0.038863,-0.807777,1
-0.629764,-0.622788,1
-0.375133,-0.681842,1
-0.073502,0.880093,0
-0.262360,0.693507,0
0.054945,0.579250,0
-0.103103,-0.846659,1
-0.052985,0.492123,0
-0.523321,-0.443594,1
-0.590123,-0.387595,1
0.151333,-0.244518,1
-0.447533,-0.368421,1
-0.384371,0.667160,0
-0.977274,-0.197975,1
-0.336736,-0.775286,1
-0.451836,-0.724178,1
0.040439,0.309398,0
-0.081467,-0.337082,1
0.876640,0.322421,2
0.023163,0.549568,0
-0.787376,0.049840,0
-0.104530,0.680648,0
-0.291866,-0.682156,1
0.241652,-0.077319,2
0.044644,-0.560616,1
-0.722132,0.218495,0
0.115138,-0.434565,1
0.047509,-0.232617,1
0.864305,0.281142,2
0.839674,0.347760,2
-0.697954,0.482009,0
-0.122162,-0.147949,1
0.938901,-0.315490,2
-0.291073,-0.875489,1
-0.021753,0.373121,0
-0.603144,0.222893,0
0.882563,0.391845,2
-0.645828,-0.660797,1
-0.659780,0.725147,0
-0.387890,-0.699911,1
-0.707050,0.024799,0
-0.880468,-0.508579,1
0.039516,-0.530200,1
-0.070578,-0.557992,1
-0.299427,-0.262551,1
0.975261,-0.389918,2
0.265080,0.374941,0
0.778640,0.402030,2
-0.663452,-0.747210,1
0.861896,0.372250,2
0.801778,-0.350078,2
-0.551429,-0.178485,1
-0.812701,0.401201,0
-0.719655,0.120659,0
-0.912525,-0.290243,1
-0.526519,-0.075249,0
0.143553,-0.399386,1
-0.095609,-0.393596,1
0.880924,0.261629,2
-0.068613,-0.689381,1
0.101256,-0.269701,1
-0.600366,-0.765712,1
-0.680725,0.222587,0
-0.733242,-0.267037,1
0.807768,0.356387,2
-0.341624,-0.031788,0
0.025385,-0.011029,0
-0.149367,-0.332992,1
-0.832882,0.489705,0
-0.682542,0.708968,0
-0.093888,-0.082740,1
0.204269,-0.046512,0
0.032090,-0.476574,1
0.810804,-0.401816,2
0.788245,-0.287654,2
-0.495941,-0.143557,1
-0.687125,-0.071615,0
0.878901,0.457911,2
0.878328,0.246405,2
0.116424,-0.772537,1
0.969043,0.408316,2
0.358312,0.301427,2
-0.798557,0.643907,0
-0.506131,-0.703080,1
-0.173549,-0.400134,1
-0.616301,0.433835,0
-0.259398,0.726554,0
-0.546102,-0.242971,1
0.822084,0.352266,2
-0.360221,0.774600,0
-0.078456,0.332614,0
0.792282,-0.294117,2
-0.617185,0.281895,0
-0.741678,0.032703,0
0.155230,0.423929,0
0.003134,0.459662,0
0.353884,-0.039551,2
0.904245,-0.372864,2
-0.404543,-0.449997,1
-0.864854,-0.569657,1
-0.082606,-0.101343,1
0.272267,-0.145186,2
-0.707847,-0.582980,1
-0.118062,-0.717775,1
-0.796405,-0.063345,0
-0.248985,-0.100181,1
-0.273138,0.280300,0
-0.853324,0.160391,0
0.245305,0.225180,0
-0.698712,-0.036582,0
-0.570244,0.472893,0
0.945499,0.373379,2
0.291242,0.297742,0
0.773421,0.323059,2
-0.456551,-0.780820,1
-0.616147,0.729544,0
0.195567,0.352363,0
0.884173,-0.321461,2
0.002498,0.727700,0
-0.253828,0.342087,0
-0.658744,-0.339432,1
0.904011,0.473474,2
0.865662,-0.434880,2
0.907755,-0.275740,2
-0.265921,0.652052,0
-0.817012,-0.362136,1
-0.112626,0.673811,0
-0.146598,-0.568384,1
0.349213,0.234834,2
0.050324,-0.004319,0
0.115076,-0.360017,1
-0.215755,0.963026,0
-0.698643,-0.523813,1
0.251977,-0.468010,1
-0.163483,-0.271998,1
-0.642759,0.112404,0
-0.394168,0.205065,0
-0.617443,0.109339,0
-0.188980,0.670881,0
-0.063111,0.077922,0
0.964406,-0.336436,2
-0.610892,0.570655,0
0.264732,-0.463583,1
-0.390481,-0.132616,1
-0.056546,-0.272046,1
-0.561307,-0.482056,1
-0.809883,0.441059,0
0.762913,0.369346,2
-0.855894,-0.305094,1
-0.466486,0.206292,0
-0.821301,-0.223432,1
-0.134113,-0.390299,1
-0.453749,0.413237,0
0.020561,0.853299,0
0.842202,-0.309614,2
-0.524509,0.515937,0
-0.150890,-0.436987,1
-0.224349,-0.512664,1
0.892599,-0.429424,2
0.792953,0.385207,2
-0.058567,0.710641,0
0.934810,-0.267259,2
-0.685942,-0.566307,1
-0.815258,-0.018581,0
-0.463922,0.615964,0
0.236549,-0.549674,1
0.856901,-0.263788,2
-0.218263,-0.604725,1
-0.492072,-0.795684,1
0.823228,0.347331,2
0.151315,-0.259897,1
-0.905546,-0.075578,0
-0.407798,-0.176915,1
-0.475872,0.088176,0
0.967061,-0.376473,2
0.974583,-0.346061,2
0.925498,-0.283873,2
-0.013694,0.173703,0
-0.929173,-0.074488,0
-0.426439,-0.667462,1
0.056451,0.417354,0
0.276219,-0.302871,1
-0.184979,-0.337120,1
0.319035,0.298518,0
0.804279,0.310614,2
0.313417,-0.359077,1
-0.420012,0.802500,0
-0.385525,0.238405,0
-0.788572,0.413673,0
0.884128,-0.303440,2
0.935910,-0.345295,2
-0.324959,0.650053,0
-0.194599,0.771050,0
0.072705,-0.194965,1
-0.191881,-0.145778,1
0.213638,-0.628019,1
0.159386,0.305974,0
-0.533079,0.767021,0
0.029005,-0.095130,1
-0.098915,-0.540650,1
-0.848245,0.333678,0
-0.186497,-0.121013,1
-0.432085,-0.466744,1
-0.488575,-0.099208,1
0.141852,-0.007636,0
-0.517126,0.622852,0
-0.001309,-0.784391,1
-0.615863,-0.013321,0
0.936346,0.364740,2
0.812944,0.451929,2
-0.708699,0.497665,0
0.898035,0.316359,2
-0.539550,-0.371148,1
0.817239,0.374748,2
-0.482638,-0.661195,1
0.769777,0.393771,2
0.106039,-0.241413,1
0.101262,-0.128812,1
0.846460,0.361472,2
-0.500711,-0.237674,1
0.771253,0.398483,2
-0.456158,-0.542660,1
-0.889712,0.405446,0
-0.908675,-0.046242,0
-0.280958,0.464384,0
-0.180928,-0.877650,1
0.788457,0.322331,2
-0.433113,-0.390607,1
0.837644,0.403441,2
-0.617746,0.032174,0
0.042906,0.078185,0
-0.171474,0.472617,0
-0.163293,0.374278,0
-0.224429,-0.857541,1
0.016085,0.785021,0
-0.584680,0.794259,0
-0.864284,-0.446254,1
-0.021177,0.746819,0
0.178208,-0.412215,1
-0.223863,-0.482617,1
0.323239,0.203129,2
-0.317100,-0.317968,1
-0.898961,0.388144,0
-0.554923,-0.453268,1
-0.038643,-0.069144,0
0.144766,-0.390268,1
-0.106907,-0.594027,1
-0.415952,0.021484,0
0.895122,-0.462250,2
0.867670,0.276974,2
-0.756864,0.584546,0
-0.605354,-0.588698,1
-0.459190,0.138178,0
-0.311299,0.725861,0
0.915566,-0.438745,2
0.965124,0.434139,2
-0.239484,-0.987153,1
0.911225,-0.303072,2
-0.412767,0.430966,0
-0.779433,-0.461576,1
0.022889,-0.547955,1
0.790002,-0.298171,2
-0.185978,0.027273,0
0.000997,-0.385315,1
0.173878,-0.589000,1
-0.373503,-0.444607,1
-0.599389,-0.072017,0
-0.754163,-0.083955,0
0.155272,-0.620440,1
0.282310,-0.493985,1
0.310040,0.269333,0
0.804709,-0.423191,2
-0.490910,-0.101644,1
-0.258572,0.014555,0
0.239402,0.599080,0
-0.295063,-0.049385,0
-0.347512,-0.015393,0
0.160466,-0.417056,1
-0.908494,-0.398734,1
-0.211983,0.730084,0
-0.529648,-0.462631,1
-0.618246,0.317903,0
-0.735295,-0.369535,1
-0.984298,0.179427,0
0.267379,-0.255224,1
0.115999,-0.300995,1
0.061282,-0.059992,0
-0.049290,0.496773,0
0.910805,0.411319,2
-0.080011,-0.797308,1
-0.593702,-0.655835,1
0.888165,0.287488,2
0.086545,0.637082,0
-0.707981,0.090733,0
-0.684585,0.461487,0
-0.566952,0.230534,0
-0.293733,0.303340,0
-0.852143,0.538813,0
0.765119,0.367650,2
-0.378486,-0.768528,1
-0.737186,0.284603,0
0.163374,-0.334495,1
0.150864,-0.364178,1
0.103677,0.434383,0
-0.407117,-0.564692,1
0.937968,-0.425890,2
-0.482342,0.386728,0
0.345255,0.124741,2
0.005050,-0.045848,0
0.102754,-0.522242,1
-0.170533,-0.617821,1
0.890898,-0.336948,2
-0.126806,0.528660,0
-0.036978,-0.770368,1
0.065358,0.380742,0
0.951891,-0.391168,2
0.162755,0.119051,0
-0.379048,-0.664487,1
-0.173363,-0.943322,1
-0.951914,-0.213539,1
-0.786616,0.074757,0
0.243559,-0.139710,1
-0.783925,-0.264264,1
-0.014950,0.431139,0
0.003419,0.514936,0
0.158755,-0.472743,1
-0.165010,-0.640114,1
0.782695,-0.416596,2
-0.875590,0.509721,0
-0.423656,0.622789,0
0.847597,-0.438163,2
-0.612340,-0.605503,1
-0.055458,0.891319,0
-0.336314,0.002841,0
0.032683,-0.747095,1
-0.118928,-0.923526,1
0.309007,-0.384302,1
-0.012225,-0.675550,1
0.979155,-0.394833,2
0.810208,-0.367454,2
0.329692,0.357002,0
-0.578978,-0.786454,1
-0.058497,0.889054,0
-0.432022,-0.415726,1
-0.225173,-0.839196,1
0.230411,0.214900,0
-0.372464,-0.555780,1
-0.914513,-0.045421,0
-0.049317,0.152700,0
-0.769185,0.253357,0
0.293438,-0.134708,2
-0.809158,-0.078638,0
-0.664187,-0.562690,1
-0.120955,-0.373874,1
-0.695499,-0.597094,1
-0.799530,-0.329151,1
0.990724,-0.391339,2
0.847027,-0.411880,2
-0.505919,-0.695194,1
-0.427909,-0.725092,1
0.969502,-0.361140,2
0.327480,0.306335,2
-0.079671,0.248961,0
0.164273,-0.746784,1
-0.947323,-0.177918,1
0.069945,-0.560137,1
0.934731,0.408715,2
-0.025318,0.182133,0
0.233019,0.135547,0
-0.825106,-0.221959,1
-0.001687,-0.499037,1
-0.660716,0.089499,0
-0.298004,0.652225,0
-0.211558,0.202436,0
-0.729560,-0.574029,1
-0.468376,0.694363,0
-0.197694,-0.441107,1
0.896430,-0.423967,2
-0.559128,0.377978,0
-0.462557,0.125196,0
-0.511568,0.930884,0
0.806185,-0.353579,2
-0.430242,0.080157,0
-0.819471,0.190191,0
0.903970,0.438767,2
-0.610149,0.496198,0
0.856952,0.290811,2
-0.904322,0.184287,0
0.930812,-0.319125,2
-0.770901,-0.569572,1
-0.223349,0.007829,0
0.890652,0.450673,2
-0.051852,0.629013,0
0.789635,0.292868,2
-0.733025,0.573275,0
-0.379277,-0.766597,1
-0.505128,-0.711893,1
0.037039,-0.692117,1
-0.261433,-0.644669,1
-0.645370,0.707079,0
0.271369,0.030780,2
0.148924,-0.478678,1
0.820732,-0.316817,2
0.942787,0.313181,2
-0.800898,0.309955,0
-0.092240,0.671930,0
-0.452152,-0.428669,1
-0.814708,0.254235,0
0.367745,0.233582,2
0.805428,-0.286252,2
0.102548,-0.556301,1
0.959285,-0.419180,2
-0.480110,-0.721323,1
0.890857,-0.276289,2
0.001630,0.656028,0
-0.619522,0.213835,0
0.015137,0.112910,0
-0.188947,-0.920980,1
-0.897773,0.087208,0
-0.462508,0.301695,0
-0.650687,0.182060,0
-0.125754,0.407018,0
-0.505548,0.628514,0
-0.384843,-0.605876,1
-0.042316,-0.529926,1
-0.268970,0.373171,0
0.932179,0.286115,2
0.097676,0.018833,0
-0.885606,0.159982,0
-0.937708,0.128892,0
0.935806,0.272563,2
0.798128,-0.353312,2
-0.788609,0.437636,0
-0.211388,0.484595,0
0.173035,0.272546,0
0.045754,0.471278,0
-0.129711,0.503831,0
-0.742438,-0.209045,1
0.966817,0.368440,2
-0.281538,-0.561573,1
-0.564171,-0.060118,0
-0.116411,0.741247,0
-0.604293,-0.349232,1
-0.158324,-0.710744,1
0.791864,-0.341196,2
-0.434720,-0.295806,1
0.012738,0.314691,0
-0.452235,0.267683,0
-0.342506,0.919712,0
0.229121,0.027328,0
-0.063394,0.200815,0
-0.614235,0.383866,0
-0.593048,-0.685215,1
0.967624,-0.390859,2
0.864343,0.387924,2
-0.630875,-0.117593,1
-0.243088,-0.512995,1
-0.600539,-0.068936,0
0.871341,0.293471,2
-0.807886,-0.492474,1
-0.587258,0.634199,0
-0.102712,-0.362794,1
-0.671747,-0.259556,1
0.138695,0.705413,0
0.132897,0.087837,0
0.820968,0.366455,2
-0.591962,-0.556710,1
-0.101646,0.211681,0
-0.623296,-0.485488,1
-0.334580,0.798099,0
0.919876,-0.399378,2
0.938427,-0.346355,2
0.078665,0.624551,0
0.953538,0.443730,2
0.059842,0.341722,0
0.825922,-0.442664,2
0.231231,-0.389957,1
-0.193793,0.258505,0
-0.795355,0.099054,0
-0.492442,-0.188930,1
-0.302036,-0.457103,1
-0.261329,-0.339877,1
0.009578,0.860217,0
-0.073728,0.767600,0
0.786467,-0.431904,2
0.953355,-0.310452,2
0.108283,-0.645999,1
0.184057,-0.611963,1
0.820444,-0.279856,2
-0.135645,-0.458405,1
0.880042,-0.440722,2
0.973687,-0.325472,2
0.334212,0.043956,2
-0.335844,-0.117517,1
0.867214,0.356606,2
0.883534,-0.302353,2
-0.047652,-0.910021,1
0.919811,0.306185,2
0.842957,0.391942,2
0.873088,0.433599,2
-0.467170,-0.952614,1
-0.049489,-0.613395,1
0.108584,0.295119,0
-0.485752,-0.615554,1
-0.120036,0.660039,0
0.926493,0.285361,2
0.788182,0.413855,2
0.846053,0.358923,2
-0.390489,0.971640,0
0.972258,-0.365670,2
-0.693653,-0.704605,1
-0.375666,-0.279896,1
-0.353272,0.945069,0
-0.283098,-0.268578,1
-0.620935,0.637814,0
0.016563,0.671205,0
0.109786,-0.035139,0
0.000233,0.296546,0
-0.405838,0.328796,0
0.240864,0.385928,0
0.957220,0.448340,2
-0.716086,0.773032,0
0.212003,-0.598038,1
-0.770685,0.185485,0
-0.302110,-0.542190,1
-0.298451,-0.246565,1
-0.642458,-0.713150,1
-0.014681,0.451106,0
-0.446693,-0.977168,1
-0.510507,-0.616514,1
0.076823,0.334318,0
0.242577,0.446942,0
-0.643476,-0.766332,1
0.867101,0.249791,2
-0.470183,0.241663,0
0.866038,0.315498,2
0.019149,-0.782936,1
0.864617,0.372545,2
0.068965,-0.331430,1
0.032559,-0.861117,1
-0.453292,0.607672,0
0.870383,0.280436,2
-0.518925,0.928949,0
0.807740,-0.338328,2
-0.909507,0.487278,0
-0.063354,0.748109,0
0.929637,-0.317808,2
0.174320,0.354552,0
-0.711910,0.099477,0
0.294518,-0.229368,2
-0.744298,-0.251181,1
0.076584,0.392683,0
0.888069,-0.403715,2
-0.262260,-0.781496,1
-0.664930,0.700683,0
-0.032670,0.383224,0
0.863593,0.366210,2
-0.868720,0.171636,0
0.182085,0.499732,0
-0.133585,0.830313,0
0.902249,-0.321687,2
-0.195539,-0.171067,1
-0.428734,0.810137,0
0.802891,-0.408440,2
0.391048,0.137032,2
-0.046373,-0.532903,1
0.129839,0.501607,0
0.769732,0.336398,2
-0.779724,0.108408,0
-0.789264,0.025774,0
-0.258682,0.528794,0
-0.031342,-0.809731,1
0.066093,-0.070486,1
-0.882462,-0.268999,1
0.879826,0.358964,2
0.783915,-0.344659,2
-0.250776,-0.449796,1
-0.072115,0.650185,0
-0.640828,0.217478,0
0.911539,-0.384977,2
-0.363744,0.214719,0
0.303707,-0.216887,2
0.164948,0.331545,0
0.057588,-0.482112,1
0.226241,0.219092,0
-0.017566,-0.596377,1
-0.065233,-0.779112,1
-0.060916,-0.873045,1
0.226264,0.220587,0
-0.580917,-0.778070,1
0.267327,-0.198952,1
-0.690700,0.399396,0
-0.214692,-0.300459,1
0.219581,0.541271,0
-0.908356,0.344804,0
0.265519,0.412988,0
0.009001,0.010955,0
-0.511898,-0.549018,1
-0.279220,0.215211,0
-0.878357,0.433595,0
-0.997264,-0.069363,0
0.944176,0.446377,2
0.975852,-0.370094,2
0.062835,0.641347,0
-0.814057,-0.648153,1
-0.445195,-0.281415,1
0.109314,0.414389,0
0.863648,0.254528,2
-0.067400,-0.499813,1
0.114620,-0.689106,1
0.354792,-0.205148,2
0.028519,-0.369182,1
0.869651,0.393256,2
-0.736809,-0.662636,1
-0.827791,-0.009471,0
-0.694466,-0.441159,1
0.896907,-0.257733,2
-0.532492,-0.933567,1
0.124423,0.616138,0
-0.821501,-0.041469,0
-0.816777,-0.394362,1
-0.764753,-0.231791,1
-0.185527,-0.396692,1
-0.613552,0.024537,0
0.198495,-0.305702,1
-0.663549,-0.354392,1
-0.728042,-0.685029,1
-0.172201,0.877449,0
-0.400326,-0.913229,1
0.264908,0.267423,0
-0.966886,-0.240726,1
0.213214,0.479880,0
-0.559851,0.151015,0
-0.226574,0.297957,0
0.196317,0.618859,0
-0.762814,0.584339,0
0.857655,-0.383777,2
-0.551514,-0.348052,1
-0.647669,-0.861600,1
-0.794779,-0.577884,1
0.078629,0.431648,0
-0.556816,0.310003,0
-0.129275,-0.638549,1
0.216122,0.199665,0
-0.569231,-0.559836,1
0.316742,0.120546,2
0.214823,-0.515621,1
0.857958,-0.383974,2
0.966699,-0.438618,2
-0.751292,0.634478,0
-0.118408,-0.787269,1
-0.594027,-0.682837,1
-0.255121,0.200213,0
-0.174332,0.714292,0
-0.180493,0.151172,0
-0.716838,0.433550,0
0.806900,-0.344305,2
-0.117948,0.757905,0
-0.524408,0.122439,0
0.005279,-0.286723,1
-0.378337,-0.921726,1
0.941408,-0.439966,2
0.869418,0.475565,2
0.175030,-0.228621,1
-0.411359,0.901657,0
0.785037,0.359687,2
0.115060,0.551421,0
-0.798263,-0.258434,1
-0.442941,-0.515589,1
-0.653159,-0.571632,1
-0.361915,-0.618103,1
0.914630,0.327026,2
0.961321,-0.315118,2
-0.591071,0.031475,0
-0.112763,0.525162,0
-0.011743,0.496601,0
-0.616210,0.520555,0
0.790997,0.331991,2
0.323369,-0.230764,2
-0.875770,-0.128452,1
-0.278901,-0.600594,1
0.105110,-0.264298,1
0.840246,0.271872,2
-0.783923,-0.669919,1
-0.171939,0.634285,0
-0.797140,-0.088614,0
0.306135,-0.145337,2
-0.298599,0.158702,0
0.884548,0.300026,2
-0.849368,0.248319,0
0.864221,0.406711,2
-0.753514,-0.591840,1
0.951224,0.348383,2
-0.160694,-0.127735,1
-0.431512,0.348185,0
0.032869,0.545645,0
-0.733672,0.681982,0
-0.454061,-0.525935,1
-0.162921,-0.515151,1
-0.302232,-0.104639,1
0.957756,-0.323911,2
0.846736,-0.292293,2
-0.437743,0.815700,0
-0.033304,-0.845223,1
-0.645565,-0.753068,1
0.322863,0.171267,2
-0.183298,-0.833245,1
0.926748,0.459692,2
-0.769695,0.224125,0
-0.319565,-0.828684,1
-0.297240,-0.116535,1
-0.187774,0.983489,0
-0.177232,-0.461601,1
0.843386,-0.449419,2
-0.862924,-0.273477,1
0.230445,0.573890,0
-0.491676,0.351896,0
0.780271,-0.387731,2
-0.791582,0.303491,0
-0.230305,-0.088641,1
0.004986,0.660269,0
-0.279921,-0.422093,1
-0.405583,-0.534517,1
0.132999,0.599694,0
0.847131,0.374977,2
0.003442,0.034254,0
-0.352876,0.275805,0
0.225493,-0.018711,0
-0.259953,-0.570769,1
0.278634,-0.341886,1
-0.009066,0.459738,0
-0.505948,0.382702,0
-0.445473,-0.449664,1
-0.010209,0.377235,0
-0.002686,-0.521827,1
-0.022969,0.290148,0
-0.747629,-0.191554,1
-0.480628,-0.871675,1
0.915024,-0.418904,2
-0.681335,-0.808748,1
-0.142612,0.490427,0
-0.186607,-0.704550,1
0.931758,0.302466,2
0.191661,0.231166,0
-0.618396,-0.287298,1
-0.279625,-0.315475,1
-0.396882,-0.585079,1
-0.067697,-0.161124,1
-0.148449,-0.170424,1
-0.599362,-0.092091,0
-0.616046,-0.421443,1
0.025324,-0.344346,1
-0.405810,0.967873,0
0.135768,0.581454,0
-0.119786,-0.936123,1
-0.621309,0.565975,0
0.004646,-0.431094,1
-0.001575,-0.816099,1
-0.419433,-0.669886,1
0.311299,0.081534,2
0.218423,0.555095,0
0.331456,-0.323131,2
-0.368689,-0.809365,1
-0.855864,-0.283941,1
0.091921,0.774117,0
-0.483157,-0.059644,0
-0.492202,0.510991,0
-0.095549,-0.915386,1
0.959071,-0.422826,2
0.292822,-0.407399,1
-0.583645,-0.190867,1
0.977909,0.326621,2
-0.317959,0.678274,0
-0.843243,0.431604,0
-0.750370,0.408645,0
0.351197,-0.306727,2
0.948393,-0.321925,2
-0.423865,0.265697,0
-0.552706,-0.023441,0
0.049670,0.530442,0
0.834354,-0.370990,2
-0.685657,0.141971,0
0.821374,0.316452,2
-0.679372,-0.542912,1
-0.422597,0.624394,0
-0.818782,-0.279266,1
0.137776,0.145528,0
0.850984,-0.266409,2
-0.718188,0.314599,0
-0.782019,-0.596410,1
0.108077,-0.671876,1
-0.479111,-0.397379,1
-0.233175,-0.768255,1
-0.410822,-0.034035,0
0.222009,-0.033221,0
-0.451082,0.495903,0
-0.063967,-0.056824,0
0.941705,-0.453038,2
-0.285419,-0.039450,0
-0.875671,-0.533022,1
-0.316310,-0.290559,1
-0.875943,-0.501628,1
0.788507,-0.283041,2
0.906982,0.405992,2
0.890605,-0.396364,2
0.860096,-0.273118,2
-0.591282,0.161764,0
0.092757,0.021680,0
-0.954876,-0.281215,1
-0.802565,0.541846,0
0.161797,0.082720,0
0.897284,0.342109,2
0.994344,0.344044,2
-0.020633,-0.112706,1
-0.031263,0.478226,0
0.938488,0.343395,2
-0.295332,-0.660267,1
-0.021921,0.145319,0
-0.212645,0.408064,0
-0.133721,-0.902795,1
-0.183615,-0.426421,1
-0.363698,-0.353046,1
-0.195842,0.647852,0
-0.417438,-0.754278,1
-0.745954,-0.260324,1
0.274234,0.441623,0
-0.271333,0.598158,0
-0.369763,-0.300284,1
-0.578351,0.440109,0
0.253991,0.474927,0
-0.038479,0.797910,0
-0.130747,-0.082556,1
-0.112372,0.901412,0
-0.979077,-0.116937,1
0.272669,0.283479,0
-0.728750,0.672802,0
0.895991,-0.477201,2
-0.646218,0.451497,0
0.264749,-0.500191,1
-0.562239,0.766592,0
0.115258,0.260722,0
-0.526112,0.848095,0
-0.427969,-0.408058,0
0.191985,-0.116633,0
0.031045,-0.368419,0
-0.270123,0.320287,0
-0.813339,-0.326476,0
0.963419,-0.276865,1
-0.542169,0.747575,0
0.971985,-0.421876,1
0.066321,0.350118,0
-0.936990,0.027730,0
0.060093,-0.075722,0
-0.119383,-0.698191,0
0.328677,-0.350106,-1
-0.334102,-0.877943,0
-0.573389,-0.249722,0
-0.172910,0.386679,0
0.929605,-0.360480,1
0.941887,-0.364319,1
-0.166022,0.744021,0
0.889350,0.279532,2
-0.254283,-0.002895,0
-0.057695,-0.934932,0
-0.338962,-0.670868,0
0.847395,0.430055,2
-0.064462,0.030086,0
-0.336938,0.673351,0
0.829902,0.467081,2
-0.158568,0.857542,0
-0.046726,0.095856,0
-0.405557,-0.809780,0
-0.663039,-0.115998,0
0.802271,0.290222,2
0.326631,0.121764,-1
-0.673473,-0.181179,0
-0.170407,0.415164,0
0.261647,0.352896,-1
0.230230,-0.260347,0
0.229168,0.532315,-1
-0.254696,0.734195,0
-0.363228,-0.492407,0
-0.322046,-0.436977,0
-0.592786,-0.784546,0
-0.518730,-0.876887,0
-0.883719,0.103360,0
0.262840,-0.133253,0
-0.278092,0.609813,0
-0.116295,0.547161,0
0.043903,0.600088,0
0.799676,0.286093,2
0.921130,-0.415708,1
-0.405631,-0.105241,0
-0.015886,0.618361,0
0.165932,0.532091,0
-0.126327,-0.491486,0
0.140180,-0.516636,0
0.051136,0.512151,0
-0.623152,0.722855,0
0.085174,0.685590,0
-0.348233,0.714841,0
-0.219277,0.143665,0
-0.174536,-0.462955,0
-0.510845,-0.397532,0
-0.151130,-0.696083,0
-0.749491,-0.128210,0
0.197513,-0.696981,-1
-0.027530,0.281634,0
-0.343375,0.533352,0
-0.819722,-0.011827,0
-0.208097,0.765601,0
-0.236815,-0.558788,0
-0.609843,0.531297,0
0.272216,-0.284504,-1
-0.627192,-0.066174,0
-0.210558,-0.380129,0
-0.318885,0.898858,0
0.011159,0.320870,0
-0.812373,-0.424472,0
0.102346,-0.706377,-1
0.958358,-0.433314,1
-0.259775,-0.900049,0
-0.705667,0.392918,0
0.077742,0.703075,0
-0.694901,0.075914,0
-0.304528,0.701647,0
-0.926999,-0.198024,0
-0.245108,0.460836,0
-0.231710,-0.366612,0
-0.583117,0.841284,0
-0.897574,0.389675,0
-0.857015,0.494644,0
-0.272415,0.565493,0
-0.886788,0.163059,0
-0.233985,0.443815,0
0.385273,-0.036061,-1
0.905952,0.414765,2
-0.343222,-0.649349,0
0.118100,-0.021003,0
-0.756998,0.026419,0
-0.472194,-0.711947,0
0.975084,-0.368251,1
-0.630276,-0.297936,0
0.777122,-0.336708,1
-0.162066,0.494675,0
-0.968943,0.195502,0
-0.785469,0.583970,0
0.859593,0.258980,2
0.184753,-0.234533,0
0.163496,0.559485,0
-0.706977,-0.571769,0
-0.109457,-0.553980,0
0.201672,-0.405714,-1
-0.762076,-0.339180,0
-0.428374,0.354558,0
0.850998,-0.451276,1
0.914867,0.435400,2
0.916822,0.377231,2
-0.541351,-0.027681,0
0.834922,-0.427372,1
-0.803404,0.202891,0
0.075939,-0.215102,0
-0.344960,-0.987291,0
-0.811769,-0.592792,0
-0.742582,-0.155886,0
0.919416,0.444956,2
-0.156859,0.175213,0
-0.728207,0.179503,0
-0.843467,0.571373,0
-0.207306,0.576086,0
0.861578,0.470675,2
-0.545239,0.906019,0
-0.231326,-0.347464,0
0.796018,0.356069,2
0.770075,-0.389651,1
0.840066,-0.436366,1
0.141354,-0.378372,0
-0.823487,-0.104931,0
-0.293554,-0.306620,0
-0.070453,-0.066783,0
-0.556818,0.652321,0
0.954171,0.434560,2
0.226240,0.508029,-1
-0.242489,-0.311145,0
0.349451,-0.037003,-1
-0.124610,0.134160,0
-0.524295,0.716475,0
-0.136847,0.322790,0
-0.139834,0.153921,0
-0.157505,0.102475,0
0.336872,0.127354,-1
-0.072268,-0.116617,0
0.070823,0.658579,0
0.142281,-0.471067,0
-0.690387,0.457721,0
-0.371359,-0.039140,0
-0.494180,0.246500,0
-0.072262,0.581600,0
-0.193922,0.306737,0
0.763402,-0.372783,1
0.770588,0.397877,2
-0.267789,0.146891,0
-0.943499,0.062801,0
0.835482,0.435557,2
-0.609740,0.153352,0
-0.933018,0.424118,0
0.270227,0.371955,-1
0.249409,0.052285,0
0.911643,0.414215,2
-0.223296,0.546957,0
0.938289,-0.381444,1
-0.416703,-0.919505,0
0.259183,0.526113,-1
-0.313906,0.991408,0
-0.334793,0.058538,0
-0.281347,-0.125515,0
0.858678,0.457895,2
-0.747502,0.115243,0
0.056157,0.498568,0
-0.657611,0.311150,0
0.197993,-0.118432,0
-0.249949,-0.979946,0
0.361678,0.052270,-1
0.893081,-0.255612,1
-0.248384,-0.435605,0
0.244308,-0.522259,-1
-0.748064,0.168315,0
0.881601,0.382990,2
-0.541689,0.055890,0
0.969640,-0.311287,1
-0.732805,-0.095498,0
0.921205,0.255904,2
-0.635795,-0.179400,0
-0.668722,-0.804641,0
0.271167,0.334337,-1
0.837288,-0.354429,1
0.175103,0.627871,-1
0.768586,0.356518,2
-0.868682,0.430860,0
-0.740478,-0.008519,0
-0.528544,-0.225150,0
-0.312555,-0.840847,0
0.125738,-0.214440,0
-0.143698,0.904904,0
-0.412631,0.860308,0
0.855378,-0.331577,1
-0.227326,0.771386,0
-0.781652,0.091136,0
0.105855,0.802356,0
-0.659705,0.793671,0
-0.377457,0.478736,0
-0.021750,0.152501,0
0.261134,0.115256,0
-0.417511,-0.507201,0
-0.288023,-0.164648,0
-0.993244,-0.000441,0
-0.184410,-0.108629,0
-0.669680,0.116017,0
-0.705257,0.298957,0
0.086881,0.486615,0
-0.531936,0.833619,0
0.110935,0.670823,0
-0.604289,0.837251,0
-0.809543,0.008594,0
-0.645425,0.531382,0
0.934628,0.330202,2
0.027759,-0.105170,0
-0.227634,0.917640,0
-0.295080,-0.001058,0
-0.621471,-0.344682,0
-0.233312,0.344456,0
-0.716878,0.244047,0
0.957910,0.348224,2
0.970766,0.331951,2
-0.485556,-0.917521,0
-0.622101,0.083850,0
-0.356879,-0.660627,0
0.224234,0.487244,-1
-0.158819,0.146577,0
0.122559,-0.637091,-1
-0.277301,0.447010,0
-0.766166,0.373776,0
-0.492109,-0.111964,0
0.219870,0.020799,0
-0.415242,-0.370205,0
0.934262,-0.407789,1
-0.186608,0.433956,0
-0.617547,0.294689,0
-0.866456,-0.240920,0
-0.084235,0.426525,0
0.903634,-0.288675,1
0.907277,-0.327440,1
0.166548,-0.664854,-1
0.179075,0.400912,0
-0.705257,0.794394,0
0.136882,-0.203862,0
-0.380827,0.889006,0
0.939763,-0.365335,1
-0.327270,0.646280,0
0.017155,0.856853,0
-0.085099,0.150308,0
-0.849026,-0.514701,0
0.799521,-0.328969,1
0.878048,-0.381312,1
-0.090229,0.392225,0
0.957103,0.282514,2
0.942020,0.456794,2
-0.765212,0.030051,0
0.943896,-0.348082,1
-0.374232,0.291400,0
0.814993,-0.309569,1
0.315805,-0.200060,-1
-0.216503,0.112488,0
-0.040862,-0.251434,0
0.949375,-0.423110,1
-0.030117,0.173547,0
-0.825066,-0.269028,0
0.969189,0.285754,2
0.930516,0.394410,2
0.358337,-0.200328,-1
0.956100,0.404751,2
-0.285938,-0.663216,0
0.885384,-0.464114,1
-0.524126,-0.213586,0
-0.688645,-0.345923,0
-0.490830,0.938133,0
-0.985303,0.080121,0
0.957202,0.396392,2
0.007605,-0.478444,0
-0.019431,0.702454,0
0.942710,-0.394287,1
-0.354709,-0.013414,0
-0.132801,0.678683,0
0.956452,0.304639,2
-0.381952,-0.654128,0
-0.186334,0.986676,0
-0.279489,0.097838,0
-0.610611,-0.653526,0
-0.358290,0.981524,0
-0.081573,0.784337,0
-0.773081,0.484728,0
0.792756,-0.335763,1
-0.142978,-0.567365,0
-0.476905,0.887519,0
-0.549710,0.214714,0
-0.513143,0.584664,0
0.831561,0.343056,2
-0.628237,0.184256,0
-0.029757,-0.443359,0
-0.400357,0.019332,0
-0.334140,-0.977505,0
-0.094032,0.691687,0
0.095951,-0.076796,0
-0.229256,0.850196,0
-0.626172,-0.418821,0
-0.461987,-0.061154,0
-0.308628,0.147136,0
-0.252062,-0.184874,0
-0.390469,0.017130,0
0.345232,0.301243,-1
0.226257,-0.136945,0
-0.283606,-0.904801,0
-0.166469,-0.142905,0
-0.387788,0.908085,0
-0.661983,-0.668184,0
0.834000,-0.279730,1
0.272545,0.139147,0
-0.388955,0.558617,0
0.836967,-0.266482,1
-0.383447,-0.207360,0
0.917072,0.376044,2
0.917860,0.402159,2
-0.122615,-0.775901,0
0.239091,0.009818,0
-0.850103,0.396844,0
0.284770,0.498703,-1
0.796066,-0.440765,1
0.203904,0.028183,0
0.292092,0.353576,-1
0.933860,0.374382,2
-0.586610,0.836650,0
0.992727,0.398113,2
0.940331,0.325189,2
-0.196430,-0.040282,0
0.260282,-0.451176,-1
-0.436494,-0.631681,0
0.993680,0.324050,2
0.079331,0.335437,0
0.809448,0.413163,2
-0.621890,-0.528659,0
-0.260085,-0.021587,0
0.316007,0.245396,-1
0.157168,0.044318,0
-0.037536,0.259188,0
0.375196,-0.215054,-1
0.102412,-0.678939,0
-0.244236,0.199069,0
0.235870,0.079266,0
0.871369,0.474182,2
-0.186752,-0.441269,0
-0.077793,-0.523874,0
0.906545,0.285857,2
-0.536795,0.927175,0
0.143991,-0.226744,0
-0.803817,0.475104,0
-0.508066,-0.864373,0
-0.893640,-0.015116,0
0.233224,0.632848,-1
-0.860204,0.207275,0
0.130547,0.711907,0
-0.606041,0.063051,0
0.914395,-0.378854,1
0.944405,-0.453863,1
0.211491,-0.392668,-1
0.820758,-0.404629,1
0.897976,0.380510,2
0.040215,0.192328,0
0.107138,-0.558341,0
-0.202836,0.892689,0
-0.124465,-0.242585,0
-0.228551,0.944630,0
0.885509,0.329990,2
-0.392342,-0.119878,0
0.815892,0.343574,2
0.851645,0.315614,2
-0.457837,-0.613221,0
-0.194679,-0.575966,0
-0.761053,0.441767,0
-0.277959,0.142816,0
-0.253556,-0.923037,0
-0.331525,0.367938,0
-0.577809,0.175245,0
-0.060634,0.027520,0
-0.544074,0.531057,0
-0.153764,-0.649611,0
-0.109428,0.377240,0
-0.714364,0.471673,0
0.859597,0.461711,2
0.218130,0.476338,-1
-0.400798,0.835319,0
-0.609817,-0.290683,0
0.973207,-0.386278,1
-0.465623,0.453645,0
0.827849,-0.302806,1
0.901888,-0.294818,1
0.006490,0.842172,0
0.860591,-0.472667,1
-0.044157,-0.759502,0
0.951449,0.319305,2
0.138727,-0.749085,-1
-0.704146,0.703982,0
-0.919792,-0.156749,0
-0.413629,-0.005882,0
0.167279,-0.129348,0
0.861744,0.342564,2
0.193888,-0.444002,-1
0.125452,0.209411,0
0.102935,0.329483,0
-0.114987,0.829907,0
-0.011973,0.268927,0
-0.579481,0.655524,0
-0.590448,0.295117,0
-0.417241,0.850435,0
0.289828,-0.442925,-1
-0.696009,-0.667972,0
-0.732426,0.639059,0
-0.677329,0.102373,0
0.932777,-0.370831,1
0.896723,-0.313307,1
0.823383,-0.456560,1
-0.676970,-0.360377,0
0.908440,-0.298243,1
-0.533534,0.259733,0
0.939793,-0.390768,1
0.108168,0.256337,0
0.149015,-0.439912,0
-0.859663,-0.179773,0
0.022646,0.136679,0
-0.324581,-0.616827,0
0.186024,-0.188048,0
0.869136,0.309214,2
-0.706550,0.029719,0
-0.538895,0.237148,0
-0.243095,0.674611,0
-0.762498,0.484625,0
0.960027,-0.319682,1
0.855911,-0.477398,1
0.087288,-0.442579,0
0.944375,0.356207,2
0.011549,-0.808237,0
-0.727057,-0.160152,0
-0.505479,0.625948,0
-0.151731,-0.322261,0
-0.558525,0.449307,0
0.875704,-0.308674,1
0.839944,0.363831,2
0.278360,0.131815,0
0.915848,-0.320061,1
-0.194358,-0.759306,0
-0.525332,0.131307,0
0.915779,-0.341954,1
0.841770,-0.315348,1
0.287539,-0.532136,-1
-0.891679,-0.088071,0
0.844518,0.316899,2
-0.396994,0.676606,0
0.331047,0.373368,-1
-0.445995,0.930672,0
-0.488413,0.803933,0
-0.511706,0.183618,0
-0.151831,0.112761,0
-0.330500,0.130573,0
0.883150,-0.394097,1
0.989788,0.403634,2
-0.530709,0.726121,0
0.944115,0.342635,2
0.930274,0.418394,2
0.887935,0.415615,2
-0.484213,0.820332,0
-0.375899,-0.642112,0
0.104369,0.523547,0
-0.828146,-0.571883,0
-0.294460,-0.178822,0
0.916874,-0.414186,1
0.833986,0.350486,2
-0.054389,-0.329504,0
-0.578452,0.770665,0
-0.461044,0.952418,0
-0.133215,-0.303225,0
-0.894359,-0.452739,0
-0.402496,-0.455818,0
-0.059092,0.465750,0
-0.638513,-0.436267,0
-0.733773,-0.192016,0
0.848480,-0.296386,1
-0.039708,0.498734,0
-0.846703,-0.492378,0
0.815823,0.303097,2
0.048520,-0.178739,0
-0.465058,-0.176776,0
-0.284596,-0.780133,0
-0.691076,0.804686,0
-0.551530,-0.110206,0
0.023482,0.376072,0
0.953991,-0.412935,1
-0.436190,0.655341,0
-0.355741,0.891701,0
-0.612914,-0.037479,0
-0.220340,0.887396,0
-0.360373,0.786900,0
-0.443915,0.479445,0
-0.623810,-0.052020,0
0.926269,-0.372320,1
0.804838,0.285687,2
0.803656,0.382117,2
0.891656,-0.245468,1
-0.163539,-0.918995,0
-0.269322,-0.581331,0
-0.488969,-0.920955,0
0.382776,0.077076,-1
-0.131476,-0.229809,0
-0.181894,0.848379,0
-0.977550,-0.118981,0
-0.656641,0.773726,0
0.164853,0.370596,0
-0.022042,0.823146,0
-0.326814,0.046250,0
-0.564716,0.411525,0
0.156643,-0.129796,0
-0.789455,0.125488,0
-0.898503,-0.445277,0
0.792236,0.422009,2
-0.570771,0.144407,0
-0.566770,0.755330,0
0.010104,0.326206,0
0.859292,-0.369784,1
-0.979513,0.094430,0
-0.732362,0.053541,0
-0.775866,0.669942,0
-0.810832,-0.216178,0
-0.015672,0.661581,0
-0.548687,-0.611425,0
-0.183639,0.450783,0
0.176849,-0.269661,0
0.990167,-0.334220,1
-0.705278,0.463664,0
-0.758855,-0.649394,0
0.859076,-0.243470,1
-0.702805,-0.635459,0
0.132808,-0.335610,0
-0.440188,0.758691,0
0.256579,-0.580404,-1
0.325306,-0.397109,-1
0.024953,-0.253108,0
-0.093090,-0.776833,0
-0.253718,-0.021304,0
-0.478473,0.373757,0
-0.194194,0.931279,0
-0.681540,0.762752,0
-0.390977,0.532302,0
0.841303,-0.293568,1
-0.736103,0.768973,0
-0.322590,-0.303058,0
-0.048248,-0.811520,0
-0.324996,0.398559,0
0.237583,-0.384413,-1
0.830682,0.321907,2
0.083505,-0.143286,0
-0.120604,0.232956,0
-0.604076,-0.267506,0
-0.226551,0.360686,0
-0.102268,-0.240632,0
-0.267174,0.478111,0
0.139055,0.184313,0
0.215306,-0.334790,0
-0.121927,-0.844672,0
-0.015006,0.458344,0
-0.274428,0.992187,0
-0.417343,-0.120874,0
-0.246916,0.586629,0
-0.708766,0.334002,0
-0.147835,0.915962,0
-0.953434,-0.084523,0
0.832527,0.286560,2
-0.213976,-0.927341,0
-0.390261,-0.626728,0
-0.696888,-0.561371,0
-0.277241,0.501202,0
0.072234,-0.503926,0
-0.760195,-0.476320,0
-0.028260,-0.916454,0
-0.405760,0.285231,0
-0.273489,-0.577252,0
-0.303844,0.615769,0
-0.117895,0.375082,0
-0.513385,0.712262,0
-0.213490,-0.875645,0
-0.218118,0.035279,0
-0.403757,0.084032,0
-0.305285,0.527263,0
-0.416504,0.043650,0
-0.063266,-0.310714,0
0.208590,-0.498194,-1
0.160572,0.296673,0
0.119149,0.291915,0
-0.572079,-0.812820,0
-0.111412,0.773056,0
-0.780883,0.167638,0
-0.162116,-0.401429,0
-0.247935,-0.685001,0
0.789043,-0.304644,1
-0.355112,0.221883,0
-0.782544,0.213777,0
0.937197,-0.350610,1
0.781628,0.311581,2
-0.829542,-0.284442,0
0.163384,0.306746,0
0.355871,-0.274329,-1
-0.464726,0.313310,0
-0.190652,0.412904,0
0.164019,-0.232653,0
-0.433852,-0.687317,0
-0.581652,-0.106257,0
-0.832654,0.072419,0
-0.269021,-0.417567,0
-0.559228,-0.339742,0
-0.012504,-0.197841,0
0.918112,-0.465820,1
-0.540340,0.781018,0
-0.462647,-0.540053,0
-0.089219,-0.550423,0
0.226323,0.596255,-1
-0.192759,-0.302750,0
-0.520310,0.365049,0
0.284497,-0.342581,-1
-0.308936,0.605953,0
-0.897479,0.228410,0
-0.144793,-0.199318,0
0.930093,0.465054,2
0.366325,0.070330,-1
0.921420,-0.333052,1
-0.541402,-0.779223,0
-0.201511,0.312531,0
-0.665244,0.829593,0
-0.289279,-0.559564,0
-0.726332,0.192522,0
0.933121,-0.360249,1
0.395118,-0.048337,-1
-0.404859,-0.950299,0
-0.090347,0.026205,0
-0.151541,-0.106102,0
0.199837,0.549789,-1
-0.367408,-0.706762,0
-0.433024,0.892972,0
-0.168065,0.134424,0
0.912104,0.379567,2
0.038138,0.235630,0
-0.737959,-0.766320,0
0.061424,-0.673462,0
-0.734761,-0.423192,0
-0.705943,0.052052,0
-0.051152,-0.721277,0
-0.058621,-0.701640,0
-0.230609,0.175489,0
-0.812419,-0.616696,0
-0.219054,0.938902,0
-0.297110,-0.186566,0
-0.745300,0.346363,0
0.803281,-0.435979,1
-0.729221,-0.607272,0
-0.604331,-0.010143,0
0.909686,-0.351541,1
-0.172601,0.033795,0
-0.240775,-0.656928,0
-0.531403,-0.718658,0
-0.227457,-0.632150,0
-0.357126,-0.594897,0
-0.338703,-0.533269,0
-0.394627,-0.302213,0
-0.191481,0.772413,0
0.370442,0.026963,-1
0.916173,-0.474184,1
-0.292185,-0.459566,0
0.268134,0.130073,0
-0.450967,0.814132,0
-0.050669,0.886539,0
0.252439,-0.125048,0
-0.010782,0.219326,0
0.296501,-0.235188,-1
-0.091212,0.759277,0
0.819818,-0.377140,1
0.854287,-0.280901,1
0.775946,-0.374303,1
-0.123555,0.644718,0
-0.634241,0.200962,0
0.866153,0.398725,2
-0.033741,0.018581,0
-0.206824,0.635872,0
0.065453,0.776099,0
0.026249,0.133712,0
-0.547142,-0.058756,0
0.939734,0.360309,2
-0.733459,0.779354,0
-0.232586,-0.025845,0
-0.243523,-0.321535,0
-0.893335,-0.019911,0
-0.664717,-0.546862,0
-0.371193,0.531013,0
-0.248330,-0.476255,0
-0.105328,-0.024391,0
0.195211,0.643909,-1
-0.723558,0.618445,0
-0.545065,0.039890,0
0.955238,0.350787,2
-0.545725,-0.217637,0
0.167085,-0.182025,0
0.053943,-0.712177,0
-0.511063,0.895007,0
-0.071924,0.680054,0
0.774874,0.389701,2
-0.095599,-0.473341,0
-0.787852,0.023505,0
0.779307,-0.338057,1
0.841820,-0.274583,1
0.860564,0.422576,2
-0.813467,0.021386,0
-0.732077,-0.270512,0
-0.069572,-0.224539,0
-0.253301,0.893331,0
0.798809,0.372160,2
0.801971,0.350006,2
0.255564,-0.049548,0
-0.711913,0.087682,0
-0.066848,0.246289,0
-0.437312,0.045026,0
0.850280,0.292851,2
-0.571536,0.189208,0
0.004835,-0.078196,0
-0.433513,0.411921,0
0.953444,0.373439,2
-0.324103,-0.361172,0
0.110467,-0.073433,0
-0.684838,-0.261964,0
-0.706654,0.588707,0
0.918509,0.456582,2
0.798346,-0.375745,1
-0.304108,-0.777252,0
-0.672352,-0.375428,0
0.021155,-0.367505,0
-0.657207,-0.513545,0
0.099516,0.092163,0
-0.144567,0.567562,0
0.132747,0.293609,0
-0.388566,0.898224,0
0.279933,0.306214,-1
0.838205,-0.389746,1
-0.558482,-0.541999,0
-0.211775,0.541520,0
-0.690325,-0.029151,0
-0.353171,-0.824011,0
-0.179319,0.557434,0
-0.852323,-0.325780,0
-0.310163,-0.663009,0
0.031936,-0.612342,0
0.941666,-0.287428,1
-0.631182,-0.266541,0
-0.305094,-0.475778,0
-0.049719,0.748149,0
-0.274709,0.400767,0
-0.680859,0.204444,0
-0.333592,0.278980,0
-0.983175,-0.137271,0
-0.529372,0.180994,0
-0.259450,-0.524518,0
-0.514165,0.652550,0
-0.470011,0.744856,0
-0.244227,0.399662,0
-0.804281,-0.223953,0
0.777057,-0.415491,1
-0.144649,0.489396,0
-0.463383,0.199910,0
-0.110436,-0.022350,0
-0.438083,-0.104633,0
-0.163124,-0.368158,0
0.853994,-0.325784,1
0.883509,0.323608,2
0.859763,-0.402464,1
-0.583431,-0.598671,0
-0.785586,-0.022624,0
-0.344575,-0.094080,0
-0.765993,0.177047,0
-0.482437,-0.752520,0
0.799229,-0.281626,1
0.806416,0.346901,2
-0.721321,0.131327,0
-0.439715,-0.788162,0
-0.153486,-0.215334,0
-0.274277,0.233794,0
0.888039,0.425641,2
-0.922754,0.040905,0
-0.941677,-0.093337,0
0.304983,0.274496,-1
0.883476,-0.354840,1
-0.722099,-0.376344,0
0.874870,-0.308690,1
-0.863721,-0.579134,0
0.801937,-0.412926,1
-0.847314,0.123382,0
0.159246,-0.243839,0
-0.574712,0.148689,0
-0.303264,-0.149457,0
-0.848672,-0.083681,0
-0.327923,-0.504685,0
-0.715853,0.731395,0
-0.793781,0.568804,0
-0.025723,-0.605548,0
-0.564414,-0.176679,0
-0.418557,-0.960010,0
-0.542843,-0.152206,0
-0.354781,0.877898,0
-0.565053,-0.479204,0
-0.990276,-0.076957,0
0.230629,0.385553,0
0.798141,0.310537,2
0.878184,0.460254,2
-0.135667,0.954183,0
-0.625925,0.568617,0
0.268279,-0.240927,-1
-0.460903,-0.252044,0
-0.301985,-0.465741,0
-0.307815,-0.221378,0
-0.701338,-0.015298,0
-0.679912,-0.325284,0
-0.496459,0.109634,0
0.832988,0.284941,2
-0.475417,0.020063,0
-0.154135,0.440761,0
0.023036,0.323108,0
0.779461,0.385050,2
-0.205998,0.856194,0
-0.557037,-0.723013,0
0.942207,-0.388098,1
-0.116021,0.549323,0
-0.683573,0.055830,0
0.991883,-0.375730,1
-0.462489,-0.007362,0
-0.327292,0.193193,0
-0.005463,0.057039,0
-0.202005,0.294613,0
-0.416570,0.407283,0
-0.611585,-0.386068,0
0.947202,0.334113,2
-0.656771,0.315106,0
-0.289555,0.975174,0
0.964628,0.339112,2
0.324936,-0.315262,-1
-0.651495,0.282891,0
-0.797830,0.253999,0
0.861602,-0.364770,1
-0.925798,0.412854,0
0.111331,0.593182,0
-0.952455,0.032343,0
-0.088305,-0.037177,0
-0.739357,0.027246,0
0.954597,0.385858,2
-0.594669,-0.327022,0
-0.620092,0.475535,0
-0.596918,0.128117,0
-0.969208,0.076286,0
-0.293375,0.307631,0
0.864428,-0.241027,1
-0.652557,0.574098,0
-0.500548,0.765084,0
-0.697677,0.467282,0
-0.383558,-0.969380,0
-0.847492,0.504903,0
0.770996,0.355352,2
0.869209,0.392232,2
-0.012717,-0.701599,0
0.352237,-0.226757,-1
-0.402726,0.509455,0
-0.699756,-0.515541,0
-0.371362,-0.145794,0
-0.784276,0.006983,0
0.351572,-0.250589,-1
-0.371736,0.366137,0
-0.416151,0.215245,0
-0.301230,-0.459866,0
-0.001768,0.254314,0
-0.821640,-0.006228,0
0.289722,-0.136605,-1
-0.115153,0.672623,0
-0.060310,-0.321465,0
-0.369634,0.579582,0
0.993263,0.392898,2
0.875855,0.315387,2
-0.090749,0.584384,0
0.886762,-0.335315,1
0.943399,0.427140,2
-0.430319,-0.387094,0
0.794182,0.358456,2
0.845467,-0.375731,1
-0.949372,0.059617,0
-0.027186,0.381750,0
-0.396971,-0.985338,0
0.068887,-0.284928,0
0.924631,-0.397647,1
0.180652,0.037367,0
0.148898,-0.742944,-1
-0.565307,-0.402020,0
0.904311,0.337379,2
-0.423978,-0.575677,0
-0.429121,-0.169548,0
0.104195,-0.813337,-1
-0.554460,0.499092,0
-0.878717,0.165536,0
-0.734284,-0.771239,0
0.849333,0.249115,2
0.801719,0.291619,2
-0.269592,-0.456122,0
-0.072124,0.736901,0
-0.953261,0.310744,0
0.786216,0.317600,2
-0.376408,0.970305,0
-0.627968,-0.710201,0
-0.962138,0.173043,0
-0.754313,0.220553,0
-0.640346,0.303812,0
-0.789221,-0.031670,0
0.153720,0.236800,0
-0.568462,-0.678720,0
0.929936,0.355137,2
0.130604,0.045541,0
-0.600498,-0.711087,0
-0.554276,0.782293,0
0.351316,0.063938,-1
-0.834457,-0.574220,0
-0.572960,-0.332304,0
0.185494,0.661162,-1
-0.607485,-0.618934,0
-0.802987,0.558597,0
0.789500,0.343385,2
-0.917968,0.215280,0
-0.483629,0.031985,0
0.817199,-0.370196,1
-0.765673,0.443871,0
0.887088,-0.437215,1
-0.390559,0.729966,0
0.229529,0.246718,0
0.929855,-0.347005,1
-0.824984,0.585000,0
-0.327157,0.100482,0
0.140213,-0.527446,0
0.089988,-0.413422,0
0.774180,0.367800,2
0.154785,0.374107,0
-0.608078,-0.822677,0
-0.618007,-0.349208,0
-0.177383,0.211794,0
-0.690141,-0.193771,0
-0.657425,-0.009284,0
-0.888104,-0.392279,0
-0.286257,0.417958,0
0.902469,-0.309405,1
-0.158854,0.777229,0
-0.904282,-0.441346,0
0.227682,0.143424,0
-0.516255,0.472602,0
0.141687,0.627831,0
-0.215228,0.928197,0
0.825496,-0.285046,1
0.832145,0.293472,2
0.972993,0.298613,2
0.301959,0.172155,-1
-0.259727,0.423055,0
-0.301224,-0.301158,0
-0.419256,-0.225528,0
-0.199751,-0.219158,0
-0.862915,-0.017951,0
-0.494807,0.671155,0
-0.195962,0.920276,0
-0.136477,0.329466,0
0.925316,-0.433815,1
-0.588655,-0.903134,0
0.092344,0.231509,0
0.004960,-0.879026,0
0.127511,-0.247840,0
0.068615,0.454507,0
-0.365423,0.596860,0
-0.527629,-0.804113,0
-0.240386,-0.868711,0
-0.624722,0.289582,0
-0.397659,0.183970,0
-0.562763,0.053799,0
-0.405350,0.636117,0
0.813615,-0.424478,1
-0.325882,0.142826,0
0.953250,0.373377,2
-0.201119,-0.169758,0
-0.580895,-0.299249,0
0.143717,0.211892,0
